[
  {
    "Type": "Frame",
    "Name": "forest",
    "Outcome A": "porch",
    "Outcome B": "kitchen",
    "Text": "You are walking through a dark forest when you see a house. You decide to go inside. What door do you use?",
    "Choice A": "Use Front Door",
    "Choice B": "Use side door",
    "Image": null,
    "Action Name": "none",
    "Parameter": null,
    "Odds": 1
  },
  {
    "Type": "Frame",
    "Name": "porch",
    "Outcome A": "stairs",
    "Outcome B": "stairs",
    "Text": "The porch is dark an quiet. You hear wind whistling through the loose planks and a chill runs through you. What do you do next?",
    "Choice A": "Proceed down the hall",
    "Choice B": "Open the trapdoor",
    "Image": null,
    "Action Name": "",
    "Parameter": null,
    "Odds": 1
  },
  {
    "Type": "Frame",
    "Name": "kitchen",
    "Outcome A": "stairs",
    "Outcome B": "stairs",
    "Text": "A vile stench reaches your nose as you step into the kithcen. The floor and tables are covered with ominous red stains. What do you do?",
    "Choice A": "Explore further",
    "Choice B": "Run away",
    "Image": null,
    "Action Name": "",
    "Parameter": null,
    "Odds": 1
  },
  {
    "Type": "Frame",
    "Name": "stairs",
    "Outcome A": "stairDamage",
    "Outcome B": "dungeon",
    "Text": "As you attempt to navigate the house, you come accross a stairway that descends beneath you into darkness. Is that something moving you can hear? What do you do?",
    "Choice A": "Slide down the bannister",
    "Choice B": "Descend carefully",
    "Image": null,
    "Action Name": "",
    "Parameter": null,
    "Odds": 1
  },
  {
    "Type": "Action",
    "Name": "stairDamage",
    "Outcome A": "dungeon",
    "Outcome B": "",
    "Text": "",
    "Choice A": "",
    "Choice B": "",
    "Image": null,
    "Action Name": "modifyHealth",
    "Parameter": -20,
    "Odds": 1
  },
  {
    "Type": "Frame",
    "Name": "dungeon",
    "Outcome A": "mummy",
    "Outcome B": "trap",
    "Text": "You reach the bottom of the stairs and are envoloped in darkness. You hear loud, heavy footsteps and see a red light rushing toward you. Which way do you run?",
    "Choice A": "Left",
    "Choice B": "Right",
    "Image": null,
    "Action Name": "",
    "Parameter": null,
    "Odds": 1
  },
  {
    "Type": "Frame",
    "Name": "mummy",
    "Outcome A": "mummyFightBegin",
    "Outcome B": "mummyFightBegin",
    "Text": "You escaped... for now. You are in a small room, with nothing but an Egyptian sarcophagus. What will you do?",
    "Choice A": "Don't touch it, it's scary.",
    "Choice B": "Try to hide inside it.",
    "Image": null,
    "Action Name": "",
    "Parameter": null,
    "Odds": 1
  },
  {
    "Type": "Frame",
    "Name": "mummyFightBegin",
    "Outcome A": "fightMummy",
    "Outcome B": "fightMummy",
    "Text": "The mummy emerges from the sarcophagus with a horrifying moan. You are trapped. What do you do?",
    "Choice A": "Use your Kung-fu skills",
    "Choice B": "Moan back, to assert dominance.",
    "Image": null,
    "Action Name": "",
    "Parameter": null,
    "Odds": 1
  },
  {
    "Type": "Action",
    "Name": "fightMummy",
    "Outcome A": "mummyFightGood",
    "Outcome B": "mummyFightBad",
    "Text": "",
    "Choice A": "",
    "Choice B": "",
    "Image": null,
    "Action Name": "none",
    "Parameter": null,
    "Odds": 0.3
  },
  {
    "Type": "Action",
    "Name": "mummyFightGood",
    "Outcome A": "mummyFightEnd",
    "Outcome B": "mummyFightEnd",
    "Text": "",
    "Choice A": "",
    "Choice B": "",
    "Image": null,
    "Action Name": "modifyHealth",
    "Parameter": -30,
    "Odds": 1
  },
  {
    "Type": "Action",
    "Name": "mummyFightBad",
    "Outcome A": "mummyFightEnd",
    "Outcome B": "mummyFightEnd",
    "Text": "",
    "Choice A": "",
    "Choice B": "",
    "Image": null,
    "Action Name": "modifyHealth",
    "Parameter": -75,
    "Odds": 1
  },
  {
    "Type": "Frame",
    "Name": "mummyFightEnd",
    "Outcome A": "dungeonFightBegin",
    "Outcome B": "dungeonFightBegin",
    "Text": "You managed to subdue the mummy, but not without some scratches. You should leave, right now.",
    "Choice A": "Leave the room",
    "Choice B": "Leave the room",
    "Image": null,
    "Action Name": "",
    "Parameter": null,
    "Odds": 1
  },
  {
    "Type": "Frame",
    "Name": "trap",
    "Outcome A": "dungeonFightBegin",
    "Outcome B": "dTrapDecision",
    "Text": "The footsteps are still coming, but ahead of you is a vicious spike trap. What do you?",
    "Choice A": "Try to avoid it",
    "Choice B": "Try to disarm it",
    "Image": null,
    "Action Name": "",
    "Parameter": null,
    "Odds": 1
  },
  {
    "Type": "Action",
    "Name": "dTrapDecision",
    "Outcome A": "dTrapGood",
    "Outcome B": "dTrapBad",
    "Text": "",
    "Choice A": "",
    "Choice B": "",
    "Image": null,
    "Action Name": "modifyHealth",
    "Parameter": 0,
    "Odds": 0.3
  },
  {
    "Type": "Action",
    "Name": "dTrapGood",
    "Outcome A": "dungeonFightBegin",
    "Outcome B": "",
    "Text": "",
    "Choice A": "",
    "Choice B": "",
    "Image": null,
    "Action Name": "modifyHealth",
    "Parameter": 0,
    "Odds": 1
  },
  {
    "Type": "Action",
    "Name": "dTrapBad",
    "Outcome A": "dungeonFightBegin",
    "Outcome B": "",
    "Text": "",
    "Choice A": "",
    "Choice B": "",
    "Image": null,
    "Action Name": "modifyHealth",
    "Parameter": -20,
    "Odds": 1
  },
  {
    "Type": "Frame",
    "Name": "dungeonFightBegin",
    "Outcome A": "dFight",
    "Outcome B": "dEscape",
    "Text": "As you leave the room. You are greeted by a huge snarling beast with glowing red eyes. What do you do?",
    "Choice A": "Fight",
    "Choice B": "Try to escape",
    "Image": null,
    "Action Name": "",
    "Parameter": null,
    "Odds": 1
  },
  {
    "Type": "Action",
    "Name": "dFight",
    "Outcome A": "dFightGood",
    "Outcome B": "dFightBad",
    "Text": "",
    "Choice A": "",
    "Choice B": "",
    "Image": null,
    "Action Name": "none",
    "Parameter": null,
    "Odds": 0.2
  },
  {
    "Type": "Action",
    "Name": "dFightGood",
    "Outcome A": "fightExit",
    "Outcome B": "",
    "Text": "",
    "Choice A": "",
    "Choice B": "",
    "Image": null,
    "Action Name": "modifyHealth",
    "Parameter": -20,
    "Odds": 1
  },
  {
    "Type": "Action",
    "Name": "dFightBad",
    "Outcome A": "fightExit",
    "Outcome B": "",
    "Text": "",
    "Choice A": "",
    "Choice B": "",
    "Image": null,
    "Action Name": "modifyHealth",
    "Parameter": -40,
    "Odds": 1
  },
  {
    "Type": "Action",
    "Name": "dEscape",
    "Outcome A": "dEscapeGood",
    "Outcome B": "dEscapeBad",
    "Text": "",
    "Choice A": "",
    "Choice B": "",
    "Image": null,
    "Action Name": "none",
    "Parameter": null,
    "Odds": 0.2
  },
  {
    "Type": "Action",
    "Name": "dEscapeGood",
    "Outcome A": "fightExit",
    "Outcome B": "",
    "Text": "",
    "Choice A": "",
    "Choice B": "",
    "Image": null,
    "Action Name": "modifyHealth",
    "Parameter": -20,
    "Odds": 1
  },
  {
    "Type": "Action",
    "Name": "dEscapeBad",
    "Outcome A": "fightExit",
    "Outcome B": "",
    "Text": "",
    "Choice A": "",
    "Choice B": "",
    "Image": null,
    "Action Name": "modifyHealth",
    "Parameter": -40,
    "Odds": 1
  },
  {
    "Type": "Frame",
    "Name": "fightExit",
    "Outcome A": "end",
    "Outcome B": "end",
    "Text": "You escaped alive! Congratulations. Now what will you do?",
    "Choice A": "Go home and rest",
    "Choice B": "Go to a Trick or Treating",
    "Image": null,
    "Action Name": "",
    "Parameter": null,
    "Odds": 1
  },
  {
    "Type": "Frame",
    "Name": "end",
    "Outcome A": "endGame",
    "Outcome B": "endGame",
    "Text": "The game has ended. Happy Halloween!",
    "Choice A": "Trick'o'treat",
    "Choice B": "Party!",
    "Image": null,
    "Action Name": "",
    "Parameter": null,
    "Odds": 1
  },
  {
    "Type": "Action",
    "Name": "endGame",
    "Outcome A": "end",
    "Outcome B": "",
    "Text": "",
    "Choice A": "",
    "Choice B": "",
    "Image": null,
    "Action Name": "endGame",
    "Parameter": null,
    "Odds": 1
  },
  {
    "Type": "Action",
    "Name": "deathAction",
    "Outcome A": "deathFrame",
    "Outcome B": "",
    "Text": "",
    "Choice A": "",
    "Choice B": "",
    "Image": null,
    "Action Name": "fbScript",
    "Parameter": null,
    "Odds": 1
  },
  {
    "Type": "Frame",
    "Name": "deathFrame",
    "Outcome A": "endGame",
    "Outcome B": "endGame",
    "Text": "You died! Happy Halloween!",
    "Choice A": "Trick'o'treat",
    "Choice B": "Party!",
    "Image": null,
    "Action Name": "",
    "Parameter": null,
    "Odds": 1
  }
]